dept_id,fiscal_year,spend_velocity,utilization_pct,days_since_last_txn,daily_variance,end_period_spike_ratio,transaction_count,avg_transaction_size,budget_remaining_ratio,days_into_fiscal_year,ensemble_score,ensemble_is_anomaly,ensemble_threshold
1,2024,31613.400411,84.165241,5,9422233243.00442,0.083333,134,86111.127985,0.158348,365,0.023136901038125914,0,0.585
2,2024,195422.517781,87.355778,4,325237087458.75934,0.083333,139,513159.848849,0.126442,365,0.020901659329361114,0,0.585
3,2024,131476.626877,98.114281,43,301045792258.70544,0.0,123,390154.217967,0.018857,365,0.7307583841926941,1,0.585
4,2024,47921.764959,44.632219,3,100923686599.1038,0.142202,57,306867.442281,0.553678,365,0.5203502615627291,0,0.585
5,2024,135995.127671,79.43476,4,153388135786.75748,0.083333,140,354558.725714,0.205652,365,0.019827001399057836,0,0.585
6,2024,258056.037808,94.445126,1,1053202582482.0148,0.294067,106,888589.186792,0.055549,365,0.7317154547831616,1,0.585
7,2024,47203.416301,39.425359,1,178868517297.89673,0.142202,45,382872.154444,0.605746,365,0.5800605222399196,0,0.585
8,2024,91471.451233,75.657353,0,75310430452.95952,0.080979,137,243701.311679,0.243426,365,0.02290183574256249,0,0.585
9,2024,164107.82,87.978237,1,300640895454.6356,0.083333,131,457246.979389,0.120218,365,0.018522621899202143,0,0.585
10,2024,50983.620932,75.281893,1,22070289642.807903,0.074781,134,138873.295821,0.247181,365,0.028672592812993995,0,0.585
11,2024,139660.959178,83.170333,5,195942399558.4928,0.06637,123,414441.057724,0.168297,365,0.024131673075289222,0,0.585
12,2024,119343.430795,104.911994,1,513244533889.7934,0.301887,76,573162.529474,0.0,365,0.8287546973249423,1,0.585
13,2024,218778.798137,83.557019,4,509989761661.2549,0.083333,135,591513.046815,0.16443,365,0.4195163334688036,0,0.585
14,2024,126703.785425,91.399799,0,118328293136.3277,0.078807,144,321158.900556,0.086002,365,0.02180707786448152,0,0.585
15,2024,172005.194685,77.974288,3,255751289848.2969,0.083333,140,448442.114714,0.220257,365,0.02326415049423543,0,0.585
16,2024,189663.904493,99.479594,20,440760062205.225,0.014798,127,545097.048346,0.005204,365,0.09360184932469398,0,0.585
17,2024,186564.776301,75.019107,1,252755355397.75623,0.074125,137,497052.141241,0.249809,365,0.03716280644712421,0,0.585
18,2024,174110.002137,77.270162,1,208809900540.5381,0.06353,151,420861.925695,0.227298,365,0.04174070145580523,0,0.585
19,2024,57444.772822,83.807536,7,29216459035.259903,0.083333,137,153046.292555,0.161925,365,0.3347381661264987,0,0.585
20,2024,66995.102493,88.698729,1,42498077803.2152,0.083333,147,166348.383741,0.113013,365,0.021136720170759633,0,0.585
21,2024,121462.198685,54.457904,5,710045115046.5957,0.117921,49,904769.439184,0.455421,365,0.7848791053446065,1,0.585
22,2024,218557.826329,82.599943,1,430214306258.0728,0.08248,137,582289.099343,0.174001,365,0.029614557050109624,0,0.585
23,2024,54516.839616,54.406361,2,157959518815.24646,0.142202,49,406094.825714,0.455936,365,0.059977476216453385,0,0.585
24,2024,141852.743233,85.179234,0,227339485216.21103,0.083333,131,395238.559389,0.148208,365,0.0189116978576992,0,0.585
25,2024,164453.856904,84.987036,1,297833439417.5058,0.083333,131,458211.128015,0.15013,365,0.01891622684616643,0,0.585
26,2024,196887.930219,85.814451,1,337392463131.41174,0.083333,129,557086.004109,0.141855,365,0.021625219178883638,0,0.585
27,2024,69830.046548,79.996042,0,35759336902.58467,0.083333,139,183366.668993,0.20004,365,0.02015376856695992,0,0.585
28,2024,65532.68989,47.317657,5,205271513220.7572,0.142202,47,508924.081064,0.526823,365,0.5738489313858198,0,0.585
29,2024,137172.192986,91.309079,2,187995664819.55844,0.081436,142,352590.496056,0.086909,365,0.019350285701051004,0,0.585
30,2024,100216.625068,90.687117,3,99727683277.10948,0.075061,137,267000.497445,0.093129,365,0.018467433623725518,0,0.585
31,2024,111664.244219,76.857968,0,76904550506.50137,0.083333,140,291124.636714,0.23142,365,0.022268517885366906,0,0.585
32,2024,9411.839507,36.418457,8,4940445409.920577,0.142202,55,62460.389455,0.635815,365,0.6726299122305063,1,0.585
33,2024,117371.281205,94.35509,3,121945950440.61284,0.0709,129,332097.035969,0.056449,365,0.022680305470722653,0,0.585
34,2024,198303.391699,79.114242,1,373790184037.1109,0.083333,130,556774.907462,0.208858,365,0.026307182296056088,0,0.585
35,2024,90599.955178,91.92315,2,57743183410.71872,0.083333,137,241379.442628,0.080769,365,0.019191434922294876,0,0.585
36,2024,115920.820877,91.837667,4,138613737491.9514,0.083333,139,304396.400144,0.081623,365,0.017778947701281342,0,0.585
37,2024,66454.206027,90.582389,3,43331846726.58276,0.083333,133,182374.324812,0.094176,365,0.018455296088154733,0,0.585
38,2024,26092.639589,85.606639,0,6093989185.668972,0.083333,136,70028.040074,0.143934,365,0.02819314299423143,0,0.585
39,2024,225629.028219,82.495092,0,418966226501.1873,0.083333,138,596772.42971,0.175049,365,0.032722807026567526,0,0.585
40,2024,15229.535507,20.406863,7,7185863621.761189,0.068033,58,95841.042414,0.795931,365,0.8097587537208186,1,0.585
41,2024,243816.164329,89.383686,1,425040772230.2567,0.083333,136,654359.558676,0.106163,365,0.4700940802692257,0,0.585
42,2024,23009.235726,90.095819,0,3989522143.191285,0.083333,135,62210.155852,0.099042,365,0.030392277477878222,0,0.585
43,2024,234530.478603,90.105728,2,613317124986.5304,0.079418,129,663593.989845,0.098943,365,0.036733347704705016,0,0.585
44,2024,216786.442548,84.639775,1,360785231053.08215,0.083333,139,569259.363525,0.153602,365,0.026364979064143482,0,0.585
45,2024,204634.134986,81.785603,4,402352556366.2079,0.083333,122,612225.075984,0.182144,365,0.027272812258282087,0,0.585
46,2024,62687.876904,85.010116,1,41964389305.51924,0.068153,143,160007.517972,0.149899,365,0.023384448030687722,0,0.585
47,2024,40246.275233,82.161818,2,16915286486.143568,0.083333,125,117519.12368,0.178382,365,0.02237480225466853,0,0.585
48,2024,50715.819945,82.267041,3,17696382184.450478,0.083333,140,132223.387714,0.17733,365,0.019891762085085953,0,0.585
49,2024,83557.122795,80.508265,0,65101064760.13557,0.083333,132,231048.104697,0.194917,365,0.019234123216057667,0,0.585
50,2024,51007.295068,107.002015,41,49324031216.46874,0.0,106,175638.327358,0.0,365,0.8949884383439948,1,0.585
51,2024,21834.00463,81.436302,7,2792535190.194232,0.083333,142,56122.617535,0.185637,365,0.03463501764455791,0,0.585
52,2024,66609.590822,101.474144,83,63527224503.90858,0.0,114,213267.549561,0.0,365,0.8918299771245195,1,0.585
53,2024,53336.12326,21.717708,6,173817198309.75302,0.142202,47,414206.063617,0.782823,365,0.09841573259442878,0,0.585
54,2024,163945.72737,93.535723,0,207729669144.5805,0.083333,134,446568.585746,0.064643,365,0.024589477312288898,0,0.585
55,2024,137046.022959,100.682407,2,445566449231.5611,0.260313,105,476398.07981,0.0,365,0.602696588542884,1,0.585
56,2024,248690.760603,91.308764,2,765946389081.3458,0.083333,113,803293.164779,0.086912,365,0.625208300948288,1,0.585
57,2024,202925.173014,87.421753,4,310867700300.4552,0.083333,147,503861.82415,0.125782,365,0.023366472698830867,0,0.585
58,2024,184222.240795,95.152552,0,1017167786701.1322,0.301887,87,772886.412529,0.048474,365,0.09160331253952363,0,0.585
59,2024,78551.116356,32.690685,2,341923646446.13824,0.142202,51,562179.558235,0.673093,365,0.0829317191042382,0,0.585
60,2024,28678.842986,85.814653,0,6145799393.25015,0.075004,156,67101.139038,0.141853,365,0.040716216693907216,0,0.585
61,2024,51683.684082,85.402312,0,20102795147.537373,0.083333,131,144004.157939,0.145977,365,0.02018654580802408,0,0.585
62,2024,50442.16811,81.29023,2,22461344205.25494,0.083333,144,127856.884444,0.187098,365,0.0204690209277593,0,0.585
63,2024,34972.537863,93.95313,4,13065383959.442926,0.083333,131,97442.567328,0.060469,365,0.02680232471571973,0,0.585
64,2024,61121.947781,75.682004,5,38380141011.58164,0.079471,137,162843.145547,0.24318,365,0.02501027430578992,0,0.585
65,2024,195572.080603,90.441851,0,587075624298.5142,0.083333,128,557686.011094,0.095581,365,0.3844126402037825,0,0.585
66,2024,106989.695041,94.019408,1,365820002376.8125,0.301887,89,438777.962809,0.059806,365,0.5958687005128651,1,0.585
67,2024,87853.566,76.955742,2,49106713293.24024,0.072506,148,216665.889122,0.230443,365,0.02734938245180675,0,0.585
68,2024,212509.569589,87.267058,11,463128968033.28094,0.063557,140,554042.806429,0.127329,365,0.4987428725359188,0,0.585
69,2024,56191.807534,80.052334,14,28426674673.685658,0.083333,136,150808.895221,0.199477,365,0.030013078950738084,0,0.585
70,2024,188781.799315,84.450927,2,260858795826.76352,0.07889,149,462452.058725,0.155491,365,0.023593673855302557,0,0.585
71,2024,192419.358274,87.354932,3,318355965134.8474,0.082317,139,505273.85446,0.126451,365,0.02107680009182946,0,0.585
72,2024,37155.960466,77.477079,1,10800075931.642004,0.073548,131,103526.149389,0.225229,365,0.02950157172885036,0,0.585
73,2024,108261.845726,83.838752,5,88764151482.37065,0.083333,149,265205.19255,0.161612,365,0.019739155213299626,0,0.585
74,2024,213768.543808,94.01338,2,496584064087.8234,0.036367,139,561334.665396,0.059866,365,0.5212996641468951,0,0.585
75,2024,66876.01126,91.385975,0,41228641965.5269,0.067963,137,178173.314672,0.08614,365,0.023623125610464667,0,0.585
76,2024,26114.104164,91.205339,3,25549452566.724583,0.301887,87,109559.172644,0.087947,365,0.10115720249579815,0,0.585
77,2024,56858.230877,85.567991,1,33165941400.245243,0.083333,134,154875.031866,0.14432,365,0.018798861048778877,0,0.585
78,2024,189122.942849,88.209575,0,393002294836.8732,0.083333,143,482726.392587,0.117904,365,0.02439451303633954,0,0.585
79,2024,51114.383452,81.306902,3,33031682499.385918,0.083333,125,149253.99968,0.186931,365,0.020337127771928247,0,0.585
80,2024,97317.081562,49.946074,3,361530935517.5357,0.142202,54,657791.38463,0.500539,365,0.6120686111429033,1,0.585
81,2024,152170.069507,99.397247,1,696815205071.9025,0.265495,89,624068.262584,0.006028,365,0.6256139213927557,1,0.585
82,2024,192789.702575,82.358522,0,283122795783.7916,0.083333,145,485298.216828,0.176415,365,0.02456429321729088,0,0.585
83,2024,109607.817589,78.11129,0,78385992675.10919,0.048914,146,274019.543973,0.218887,365,0.03749372237488402,0,0.585
84,2024,43315.069178,44.138404,5,66945869942.908,0.142202,56,282321.433036,0.558616,365,0.5118131266025921,0,0.585
85,2024,256299.638411,95.068101,14,848683488069.2167,0.016598,102,917150.666863,0.049319,365,0.138046751655665,0,0.585
86,2024,85125.778493,79.924332,1,54668805536.16023,0.070731,138,225151.51558,0.200757,365,0.022030942415600767,0,0.585
87,2024,191359.678274,96.673162,8,532119240336.4705,0.017241,128,545674.082578,0.033268,365,0.5483777308311099,0,0.585
88,2024,112465.163397,77.294617,0,128074763641.3479,0.083333,138,297462.207536,0.227054,365,0.02098755330972718,0,0.585
89,2024,51590.074603,95.923449,6,44867836655.56698,0.016327,121,155622.952314,0.040766,365,0.4801720390223279,0,0.585
90,2024,41001.749315,42.521049,1,81894067311.24655,0.142202,54,277141.453704,0.57479,365,0.5379934040679396,0,0.585
91,2024,142594.220603,96.432809,1,471689103010.2498,0.301887,95,547862.005474,0.035672,365,0.5727824098290674,0,0.585
92,2024,121081.413863,94.710059,3,110695271855.50296,0.075972,139,317947.597554,0.052899,365,0.02364669475143169,0,0.585
93,2024,110440.339178,75.035507,2,87613594739.45169,0.080901,128,314927.529687,0.249645,365,0.023132753924973968,0,0.585
94,2024,67076.198822,77.609752,5,54011830527.66911,0.083333,140,174877.232643,0.223902,365,0.021021455581369725,0,0.585
95,2024,69604.919205,77.595428,0,32724717061.501472,0.083333,158,160796.174114,0.224046,365,0.03368000123068896,0,0.585
96,2024,172224.441151,77.077499,0,308063754641.61395,0.083333,132,476226.674394,0.229225,365,0.025739338082443296,0,0.585
97,2024,107069.203808,43.488724,0,543721124210.343,0.108633,57,685618.585789,0.565113,365,0.7413551352388025,1,0.585
98,2024,186271.810685,82.812038,0,275218713804.151,0.083333,140,485637.220714,0.17188,365,0.02246760258593955,0,0.585
99,2024,67352.042164,96.487948,3,138163544086.98303,0.301887,88,279357.902159,0.035121,365,0.6182975764547958,1,0.585
100,2024,36000.257671,79.436274,3,10956676227.173996,0.083333,139,94533.050719,0.205637,365,0.02417034418995568,0,0.585
101,2024,205980.848877,96.896482,12,739343834670.7643,0.016949,106,709273.677736,0.031035,365,0.6481460570908707,1,0.585
102,2024,66579.538384,87.947216,1,37112618128.2476,0.083333,143,169940.77979,0.120528,365,0.019654017296765282,0,0.585
103,2024,45810.394055,90.743906,5,15419938813.366606,0.083333,148,112978.336689,0.092561,365,0.36085387944138636,0,0.585
104,2024,24735.933014,81.225271,2,4309093564.213574,0.078409,152,59398.786513,0.187747,365,0.037739108075322825,0,0.585
105,2024,39636.385534,93.592809,2,13825083779.093672,0.083333,142,101882.258592,0.064072,365,0.02702911504777197,0,0.585
106,2024,49237.68337,76.84357,2,21311231801.65224,0.083333,135,133124.106889,0.231564,365,0.022443581380403813,0,0.585
107,2024,10607.833315,32.477992,13,5107283537.006673,0.142202,50,77437.1832,0.67522,365,0.0852418068893918,0,0.585
108,2024,24653.561644,39.168605,3,43885104951.82269,0.142202,44,204512.5,0.608314,365,0.5991037692658242,1,0.585
109,2024,22745.395945,88.475336,0,3678635154.355508,0.083333,141,58879.925674,0.115247,365,0.031037424218609864,0,0.585
110,2024,152090.426082,90.678245,0,139577629623.94815,0.083333,148,375087.875135,0.093218,365,0.023911104305976164,0,0.585
111,2024,103218.373479,94.028869,2,99526931846.73325,0.083333,137,274997.85635,0.059711,365,0.021507506238636807,0,0.585
112,2024,164693.762466,109.887634,41,349772848560.60986,0.0,113,531975.427434,0.0,365,0.6991503983811544,1,0.585
113,2024,272384.172082,104.624167,1,1796715197737.1282,0.301887,94,1057661.944787,0.0,365,0.9117879996483992,1,0.585
114,2024,194551.607562,77.770996,0,323535022698.49384,0.083333,132,537964.672424,0.22229,365,0.028868255753968508,0,0.585
115,2024,43041.070575,93.690164,0,15974243891.02066,0.083333,138,113840.512754,0.063098,365,0.02738066624046295,0,0.585
116,2024,89438.439671,78.312311,2,114672788047.58646,0.083333,116,281422.676552,0.216877,365,0.3251343676569344,0,0.585
117,2024,185265.92126,93.242331,4,251618957736.6093,0.083333,137,493591.688029,0.067577,365,0.023189902169499368,0,0.585
118,2024,46934.167781,50.79109,2,142469607421.88068,0.142202,49,349611.657959,0.492089,365,0.5641247620367059,0,0.585
119,2024,26283.751397,28.833816,0,35616200692.66667,0.142202,50,191871.3852,0.711662,365,0.06075568482080712,0,0.585
120,2024,202968.631123,91.225852,1,355649283859.778,0.083333,147,503969.73034,0.087741,365,0.025094721730285763,0,0.585
121,2024,50318.004712,39.071458,6,147608552847.465,0.142202,47,390767.483404,0.609285,365,0.5447237914797426,0,0.585
122,2024,46359.771562,78.114177,3,16717380302.876957,0.079437,135,125343.086074,0.218858,365,0.022464513992004383,0,0.585
123,2024,231492.822055,104.615892,2,1188981807353.8645,0.289221,88,960169.091477,0.0,365,0.8603492482957518,1,0.585
124,2024,230214.592685,84.512517,3,494121559041.0147,0.083028,125,672226.61064,0.154875,365,0.034536851532855635,0,0.585
125,2024,55666.922466,79.757301,0,26437265362.754143,0.083333,142,143087.511972,0.202427,365,0.021881905593403205,0,0.585
126,2024,122544.280521,90.628275,0,350254241569.4681,0.295024,100,447286.6239,0.093717,365,0.5957628547192687,1,0.585
127,2024,128389.331562,80.822742,1,189713057620.3561,0.074131,134,349717.209104,0.191773,365,0.021206965947631596,0,0.585
128,2024,123928.790795,47.923771,7,541257331563.1791,0.142202,53,853471.861132,0.520762,365,0.7128014830678078,1,0.585
129,2024,102501.719315,94.745955,4,93613268337.01184,0.068833,146,256254.298288,0.05254,365,0.026260805380459558,0,0.585
130,2024,184032.435781,76.59941,3,228521500798.01385,0.083333,132,508877.568636,0.234006,365,0.028531360562453447,0,0.585
131,2024,23466.297616,26.654298,1,23200465780.097084,0.142202,47,182238.268723,0.733457,365,0.07102147397563553,0,0.585
132,2024,90755.753726,85.295854,1,57387629195.14659,0.064581,151,219376.490795,0.147041,365,0.025318320574599675,0,0.585
133,2024,28684.640247,87.137879,0,5361168909.290877,0.083333,158,66265.149937,0.128621,365,0.041139032091569626,0,0.585
134,2024,117806.108575,88.713156,1,156594055239.01508,0.083333,137,313862.99,0.112868,365,0.018671967958212052,0,0.585
135,2024,208068.715342,90.924689,2,389027849821.79016,0.083333,141,538617.596454,0.090753,365,0.02486173960265283,0,0.585
136,2024,212707.020466,83.422684,3,341638374485.8464,0.083333,134,579388.525896,0.165773,365,0.024369880986742642,0,0.585
137,2024,44834.337425,75.140559,2,14663328987.072395,0.069402,142,115243.191268,0.248594,365,0.0332648203893368,0,0.585
138,2024,67862.637644,92.583945,0,38362145244.02819,0.083333,137,180801.91781,0.074161,365,0.022494681844477574,0,0.585
139,2024,226734.109753,92.872558,5,338732477035.8144,0.083333,145,570744.483172,0.071274,365,0.031243154493897096,0,0.585
140,2024,90644.547041,94.056398,0,212732594845.15543,0.301887,90,367613.996333,0.059436,365,0.6113150919572944,1,0.585
141,2024,176768.977425,87.354548,2,263262827748.74728,0.083333,140,460861.976857,0.126455,365,0.019645096232597338,0,0.585
142,2024,183368.250849,85.187797,2,325990688994.1428,0.083333,138,484995.735942,0.148122,365,0.02026846900349844,0,0.585
143,2024,51281.097781,88.174357,0,32244834692.123013,0.083333,124,150948.392661,0.118256,365,0.021268217838906943,0,0.585
144,2024,23268.396,75.836261,4,6832035442.288996,0.083333,133,63856.876241,0.241637,365,0.034157268167063576,0,0.585
145,2024,77170.454521,84.04935,8,75216522926.26155,0.083333,128,220056.374219,0.159506,365,0.30997785078874357,0,0.585
146,2024,96280.888027,81.450434,0,59340069797.04684,0.083333,150,234283.4942,0.185496,365,0.02173972340158591,0,0.585
147,2024,98770.125945,87.0914,5,73395396080.0818,0.083333,134,269038.029627,0.129086,365,0.01691010989627463,0,0.585
148,2024,71938.264192,90.87676,0,86718393003.23177,0.296128,111,236553.751622,0.091232,365,0.6232177593168847,1,0.585
149,2024,12908.748055,29.795707,3,8342095302.244206,0.142202,44,107083.932727,0.702043,365,0.6679494853307083,1,0.585
150,2024,194635.765534,94.124797,3,311647902653.6927,0.083333,130,546477.341692,0.058752,365,0.025386393524644696,0,0.585
151,2024,163629.702548,80.168297,0,349392390192.65485,0.083333,127,470274.341969,0.198317,365,0.021682644728047686,0,0.585
152,2024,45687.751836,83.141986,11,14234847144.873903,0.076862,124,134484.108226,0.16858,365,0.39863968864050053,0,0.585
153,2024,142975.719534,90.442635,9,158089802490.35208,0.081137,137,380920.712628,0.095574,365,0.3397662458295505,0,0.585
154,2024,193390.202493,83.000226,3,312117938840.0344,0.083333,128,551464.249297,0.169998,365,0.02128077628152798,0,0.585
155,2024,212121.02337,91.979298,5,354399141293.8633,0.083333,148,523136.307635,0.080207,365,0.02711519484691589,0,0.585
156,2024,100748.066055,92.972063,0,130783356644.47878,0.083333,139,264554.274173,0.070279,365,0.022297129942919085,0,0.585
157,2024,19491.93811,78.580863,6,2358608307.206193,0.074799,156,45606.137244,0.214191,365,0.052990375719314906,0,0.585
158,2024,144632.289068,77.016301,1,135629030792.7272,0.083333,143,369166.332238,0.229837,365,0.02445390877835432,0,0.585
159,2024,52527.44926,81.105403,0,28322913219.864506,0.083333,125,153380.15184,0.188946,365,0.02219734888482628,0,0.585
160,2024,46748.808877,111.814038,13,29087891876.736263,0.016327,126,135423.136825,0.0,365,0.9800236908052801,1,0.585
161,2024,99740.565096,78.840592,4,62219022789.12546,0.083333,151,241094.743444,0.211594,365,0.022622844729305976,0,0.585
162,2024,23376.521041,90.396084,2,5826466681.342615,0.083333,128,66659.610781,0.096039,365,0.4173755626980719,0,0.585
163,2024,146313.343342,89.353201,0,207580859225.3692,0.083333,141,378754.399433,0.106468,365,0.020536295468887113,0,0.585
164,2024,29740.986986,78.928192,0,8875226115.155863,0.083333,121,89714.547521,0.210718,365,0.03259742484615727,0,0.585
165,2024,176207.075863,81.567429,0,342827604525.584,0.083333,138,466054.947029,0.184326,365,0.02154815236048188,0,0.585
166,2024,105014.093342,83.391444,0,77054652897.01532,0.083333,124,309114.065081,0.166086,365,0.3194106957905885,0,0.585
167,2024,149235.996904,93.282085,0,513895546252.934,0.261162,97,561558.13268,0.067179,365,0.5712349116746568,0,0.585
168,2024,111554.47989,81.554218,0,88677590479.28549,0.083333,141,288775.781277,0.184458,365,0.019544674656201046,0,0.585
169,2024,33725.458274,47.060432,0,20418030714.133022,0.142202,52,236726.774423,0.529396,365,0.06386420297037237,0,0.585
170,2024,110279.347233,99.042088,1,200497783127.29208,0.016878,131,307266.883511,0.009579,365,0.042299985952320755,0,0.585
171,2024,262687.861781,99.743499,45,1671899650344.5967,0.0,125,767048.5564,0.002565,365,0.2199729794964842,0,0.585
172,2024,90416.506192,75.062793,2,61393627860.459854,0.083333,130,253861.728923,0.249372,365,0.022470362305953513,0,0.585
173,2024,43155.593753,30.758458,1,109899373568.66425,0.142202,53,297203.617358,0.692415,365,0.049443162906577236,0,0.585
174,2024,209206.613479,86.915579,1,335109728386.50244,0.083333,124,615809.789677,0.130844,365,0.024744464609524692,0,0.585
175,2024,19713.393534,87.115827,1,2508945563.510929,0.083333,127,56656.603465,0.128842,365,0.03220405371849563,0,0.585
176,2024,200520.100082,86.48561,0,322836344744.8033,0.083333,130,562998.742538,0.135144,365,0.022694957747594068,0,0.585
177,2024,107497.339123,90.093543,4,128075797877.43996,0.072386,128,306535.381094,0.099065,365,0.018522212094576967,0,0.585
178,2024,235973.658904,88.579473,0,538941656794.23474,0.083333,140,615217.039286,0.114205,365,0.03908156200966728,0,0.585
179,2024,106999.76137,45.007019,5,661564888813.2515,0.142202,53,736885.149057,0.54993,365,0.698266658133943,1,0.585
180,2024,206357.764575,81.308201,0,264210105250.47568,0.083333,137,549785.285182,0.186918,365,0.027090980548523533,0,0.585
181,2024,146253.214301,78.187224,4,155633716020.29587,0.083333,145,368154.642897,0.218128,365,0.022668261536772122,0,0.585
182,2024,79529.947671,82.981181,2,41830850058.752754,0.083333,150,193522.872667,0.170188,365,0.02108145594575019,0,0.585
183,2024,160592.169945,89.606443,2,268207381264.3375,0.071532,138,424754.652391,0.103936,365,0.021605065217678906,0,0.585
184,2024,44795.873863,76.746426,1,22669094161.919056,0.083333,138,118481.84029,0.232536,365,0.024086907743955988,0,0.585
185,2024,173802.960438,98.398474,0,564576514818.2112,0.281591,86,737652.099535,0.016015,365,0.65400219422043,1,0.585
186,2024,150446.894082,76.430643,15,209798971392.20667,0.083333,137,400825.666715,0.235694,365,0.48979420723121586,0,0.585
187,2024,39674.71926,82.869995,0,11253957824.406343,0.083333,132,109706.610076,0.1713,365,0.022898875407768964,0,0.585
188,2024,225177.90737,89.841445,3,390451094911.3912,0.083333,150,547932.907933,0.101586,365,0.03148459939310094,0,0.585
189,2024,128030.107781,83.70328,3,122089014233.42682,0.082926,139,336194.167914,0.162967,365,0.017883138393051445,0,0.585
190,2024,33346.559562,32.14236,2,60627584619.61423,0.142202,48,253572.796667,0.678576,365,0.049489624702956404,0,0.585
191,2024,200879.37189,95.317576,24,830934229324.1583,0.017094,111,660549.285946,0.046824,365,0.7394410999155123,1,0.585
192,2024,172773.545562,77.949096,0,223429816924.92627,0.079243,143,440995.413497,0.220509,365,0.029029458818184344,0,0.585
193,2024,199852.233205,88.121723,11,734427784883.4971,0.017857,127,574378.465512,0.118783,365,0.5940924102517962,1,0.585
194,2024,26430.377425,108.472016,21,13162400547.153185,0.016598,108,89324.886667,0.0,365,0.9216695999774822,1,0.585
195,2024,265517.446849,98.076026,0,1249300724738.346,0.292528,95,1020145.98,0.01924,365,0.7582396934099133,1,0.585
196,2024,183945.159836,78.918903,2,233040083009.74228,0.083333,146,459862.899589,0.210811,365,0.0262305778857673,0,0.585
197,2024,204517.513288,85.857592,0,337698368972.1062,0.083333,136,548888.914338,0.141424,365,0.024080483176136716,0,0.585
198,2024,120072.628356,79.407998,0,97857112291.014,0.066281,141,310826.307447,0.20592,365,0.027069914302350413,0,0.585
199,2024,191443.438904,80.801119,0,313797747199.8066,0.083333,125,559014.8416,0.191989,365,0.02607715857762873,0,0.585
200,2024,90793.186219,80.384857,3,66748989464.892685,0.083333,147,225438.863741,0.196151,365,0.02002219892126039,0,0.585
201,2024,252215.634411,96.644993,1,775122137870.0496,0.301887,99,929885.924848,0.03355,365,0.09554174106870239,0,0.585
202,2024,185196.760877,83.898319,8,256036679517.4472,0.083333,146,462991.902192,0.161017,365,0.02474018898840426,0,0.585
203,2024,76724.693534,104.156066,0,139002638939.08386,0.281935,97,288706.321031,0.0,365,0.7212156422552745,1,0.585
204,2024,91590.128356,54.302156,12,378628640810.8169,0.142202,50,668607.937,0.456978,365,0.6676605060050415,1,0.585
205,2024,245721.923041,90.799399,30,1273121008622.6108,0.0,115,779900.016609,0.092006,365,0.8517345556974971,1,0.585
206,2024,175660.475096,91.003911,2,341257429804.30554,0.083333,132,485727.828864,0.089961,365,0.019067776452914815,0,0.585
207,2024,95575.952932,98.075987,1,180680959233.1204,0.301887,100,348852.2282,0.01924,365,0.5656590453657423,0,0.585
208,2024,98256.816438,76.856556,7,82512846635.02986,0.081067,138,259882.15942,0.231434,365,0.3431404231434642,0,0.585
209,2024,81585.860164,31.399636,2,437008820522.5412,0.142202,48,620392.478333,0.686004,365,0.7259149840838626,1,0.585
210,2024,50265.822,92.280203,0,58205222809.78334,0.263546,99,185323.485152,0.077198,365,0.6160412439464151,1,0.585
211,2024,196136.392192,87.314373,1,256780459817.362,0.06968,136,526395.464338,0.126856,365,0.026073987586272152,0,0.585
212,2024,208261.888767,85.123429,0,318324250425.65485,0.083333,141,539117.655319,0.148766,365,0.025952422502402126,0,0.585
213,2024,48121.588247,26.165834,2,107304438000.0444,0.142202,50,351287.5942,0.738342,365,0.6050323191037192,1,0.585
214,2024,43498.448301,25.827222,0,89980137917.8631,0.142202,51,311312.424118,0.741728,365,0.6045282349908183,1,0.585
215,2024,119836.792192,45.392431,3,682398035273.16,0.142202,54,810007.947222,0.546076,365,0.7195331834913107,1,0.585
216,2024,39991.986082,37.332129,2,108388132185.58478,0.142202,42,347549.402857,0.626679,365,0.05638366229720073,0,0.585
217,2024,32074.475836,32.182605,0,22604459260.242085,0.142202,55,212857.885091,0.678174,365,0.059201172750597934,0,0.585
218,2024,213583.729781,81.791732,15,594959097274.7687,0.083333,131,595099.705115,0.182083,365,0.041809994771931196,0,0.585
219,2024,153267.748274,89.905283,2,167333442460.9557,0.083333,154,363264.468312,0.100947,365,0.025570678977684155,0,0.585
220,2024,117112.911068,78.103536,7,169970512183.13538,0.083333,115,371706.196,0.218965,365,0.32386752623390747,0,0.585
221,2024,159793.826521,93.208995,2,315961371156.70667,0.083333,130,448651.897538,0.06791,365,0.019802989513796585,0,0.585
222,2024,156579.394712,94.199858,0,210002397687.41516,0.072756,149,383566.973624,0.058001,365,0.03272757736408132,0,0.585
223,2024,64435.163808,45.145509,1,347708380803.71606,0.142202,51,461153.623333,0.548545,365,0.05561232421265354,0,0.585
224,2024,138531.531644,84.055931,3,153483573655.12482,0.083333,147,343972.85068,0.159441,365,0.019163260658011553,0,0.585
225,2024,137993.727452,93.252902,12,193005907205.9505,0.083333,133,378704.590376,0.067471,365,0.021797948999256207,0,0.585
226,2024,33042.012603,98.282663,1,18137092321.101536,0.301887,95,126950.890526,0.017173,365,0.6774685051256105,1,0.585
227,2024,227509.917507,89.286756,1,612818236048.8282,0.080507,126,659056.507063,0.107132,365,0.031849422495830046,0,0.585
228,2024,92001.771342,94.805039,0,63024772868.88053,0.083333,138,243338.018406,0.05195,365,0.0253972479910219,0,0.585
229,2024,172508.040822,94.424505,19,280940647009.69025,0.083333,132,477010.870455,0.055755,365,0.5101098282662447,0,0.585
230,2024,199255.489589,84.839353,3,412950493439.3328,0.083333,149,488109.085235,0.151606,365,0.02607007348160375,0,0.585
231,2024,159701.720247,84.286852,5,263794968774.6026,0.083333,128,455399.436641,0.157131,365,0.017648134622951065,0,0.585
232,2024,91277.700027,88.36181,0,58869153910.5508,0.083087,149,223599.734966,0.116382,365,0.021870573316541953,0,0.585
233,2024,71302.265096,88.717774,1,34818779956.9744,0.083333,153,170100.174902,0.112822,365,0.02447132672944843,0,0.585
234,2024,194180.261589,89.91027,18,616236282558.4218,0.016598,121,585750.375868,0.100897,365,0.6329860944605515,1,0.585
235,2024,43753.456384,91.423699,1,11941801248.953266,0.083333,141,113262.493475,0.085763,365,0.023028257647585176,0,0.585
236,2024,114340.535589,80.442197,0,90317364882.24467,0.078388,149,280095.942886,0.195578,365,0.023955299281104528,0,0.585
237,2024,110624.635534,89.359191,0,122412479115.03229,0.083333,130,310599.938231,0.106408,365,0.01921770107014689,0,0.585
238,2024,21170.152932,83.31892,4,3562441562.419945,0.083333,131,58985.540611,0.166811,365,0.029577762918065867,0,0.585
239,2024,94472.043068,84.012338,3,97796256800.51364,0.083333,131,263223.63145,0.159877,365,0.01614897335255307,0,0.585
240,2024,76839.259945,81.455198,0,39127354888.84678,0.078167,136,206223.013824,0.185448,365,0.0201969777099913,0,0.585
241,2024,136780.994438,92.870195,0,162894999623.4485,0.083333,154,324188.720584,0.071298,365,0.02897976583666733,0,0.585
242,2024,137752.56211,78.7201,2,153373186599.1129,0.083333,141,356593.511844,0.212799,365,0.02073890729518728,0,0.585
243,2024,198675.45189,90.17528,0,384796935071.75305,0.083333,146,496688.629726,0.098247,365,0.02612753653188523,0,0.585
244,2024,24576.547096,77.73915,5,5059340634.441436,0.068116,137,65477.661971,0.222609,365,0.03885042855923616,0,0.585
245,2024,26545.018548,84.31577,0,5446018756.807077,0.083333,135,71769.864963,0.156842,365,0.027217469373633695,0,0.585
246,2024,134600.649452,83.534844,2,112906757226.08348,0.083333,145,338822.324483,0.164652,365,0.019073782979746524,0,0.585
247,2024,58488.359808,79.364901,5,38712266576.48856,0.083333,139,153584.541942,0.206351,365,0.020558475968810476,0,0.585
248,2024,220921.192822,88.503814,1,550042382441.2029,0.083333,125,645089.88304,0.114962,365,0.028679882939716895,0,0.585
249,2024,77491.644959,77.032324,7,60734479405.6042,0.083333,136,207973.900074,0.229677,365,0.021831006809172264,0,0.585
250,2024,106197.756795,90.382022,0,82252337281.2395,0.083333,135,287127.26837,0.09618,365,0.019411272998886238,0,0.585
251,2024,152366.207918,101.36989,1,366344826846.0758,0.289252,97,573336.761753,0.0,365,0.6122773951587206,1,0.585
252,2024,209824.059753,89.365712,1,428414049273.2296,0.083333,130,589121.398538,0.106343,365,0.0242028755582737,0,0.585
253,2024,60760.06526,52.455482,5,148360695569.41324,0.142202,61,363564.324918,0.475445,365,0.05774334974055619,0,0.585
254,2024,11764.224685,20.326558,2,7421952256.372322,0.142202,54,79517.44463,0.796734,365,0.7307689879564454,1,0.585
255,2024,55825.576137,89.116222,0,34747924384.36879,0.071459,124,164325.284597,0.108838,365,0.024001742040259778,0,0.585
256,2024,60299.793041,23.889201,3,189853643787.5121,0.142202,46,478465.74913,0.761108,365,0.7170228386549722,1,0.585
257,2024,45062.55063,88.987152,0,17312550348.727493,0.078999,137,120057.160438,0.110128,365,0.022244638543434794,0,0.585
258,2024,55413.369233,93.275951,3,19938528100.76814,0.083333,135,149821.33163,0.06724,365,0.022824803646973594,0,0.585
259,2024,37789.037288,34.260772,7,60450603012.02745,0.087808,58,237810.320862,0.657392,365,0.6717631027931967,1,0.585
260,2024,54603.929096,21.987243,6,73369848747.61153,0.126237,53,376045.926792,0.780128,365,0.7081959318142859,1,0.585
261,2024,34613.482137,86.420584,0,7087890059.215599,0.083333,148,85364.330946,0.135794,365,0.027284407885218073,0,0.585
262,2024,136899.378575,93.804908,1,140344063006.9741,0.083333,132,378547.524091,0.061951,365,0.022186446127699003,0,0.585
263,2024,45470.943534,92.339087,0,19176951048.50213,0.081601,149,111388.552953,0.076609,365,0.02930142646937169,0,0.585
264,2024,73171.795041,93.035278,3,69384792029.46863,0.016949,123,217135.814553,0.069647,365,0.030946409686418326,0,0.585
265,2024,96020.161973,86.49101,3,93719275590.22923,0.077639,134,261547.456119,0.13509,365,0.017345449778019793,0,0.585
266,2024,11551.005479,48.52299,3,10067537838.520395,0.142202,48,87835.770833,0.51477,365,0.6631013643149747,1,0.585
267,2024,101971.601096,91.797009,1,68978811460.85553,0.083333,136,273673.782353,0.08203,365,0.019027110615106004,0,0.585
268,2024,175966.862822,75.758647,2,240910498576.6227,0.083333,142,452309.189648,0.242414,365,0.02927650294189231,0,0.585
269,2024,224350.250685,90.281449,2,468934964636.72473,0.083333,134,611103.294776,0.097186,365,0.028672611127323267,0,0.585
270,2024,48092.632247,34.828127,5,82131191722.16798,0.142202,44,398950.244773,0.651719,365,0.5994766799991635,1,0.585
271,2024,192988.369479,76.298524,1,373429486612.41895,0.080796,126,559053.61,0.237015,365,0.03349094457810259,0,0.585
272,2024,121407.530658,94.516395,20,235807793168.3415,0.016327,108,410312.48787,0.054836,365,0.06162302082430118,0,0.585
273,2024,99565.829452,93.170429,1,84772043676.82828,0.083333,129,281717.26938,0.068296,365,0.019919041970826456,0,0.585
274,2024,43473.500137,79.848335,0,15608563743.424356,0.083333,134,118416.623507,0.201517,365,0.02241184201712874,0,0.585
275,2024,22852.865096,86.027903,2,3003129031.990173,0.066241,155,53814.811355,0.139721,365,0.04673342015181779,0,0.585
276,2024,38960.545178,75.434908,1,12815112002.994854,0.083333,146,97401.362945,0.245651,365,0.030531326715880252,0,0.585
277,2024,86428.907123,103.040234,0,157565057409.30884,0.27587,94,335601.607447,0.0,365,0.07825987901343004,0,0.585
278,2024,216932.523945,88.415671,9,467558683866.9934,0.083333,128,618596.650313,0.115843,365,0.4114911561483992,0,0.585
279,2024,171617.704438,77.194067,0,250372453283.248,0.083333,136,460591.633235,0.228059,365,0.025730945706661082,0,0.585
280,2024,107058.800849,75.871732,6,96151242747.18404,0.083333,136,287326.92875,0.241283,365,0.022473669521376995,0,0.585
281,2024,72398.277918,81.105688,11,36337948587.93432,0.083333,155,170486.267355,0.188943,365,0.4639643514675215,0,0.585
282,2024,158261.50274,78.898486,0,150696692658.53592,0.083333,138,418590.206522,0.211015,365,0.024421004954002342,0,0.585
283,2024,148389.375534,77.297495,9,247068605660.0481,0.082409,128,423141.578672,0.227025,365,0.0250584258630552,0,0.585
284,2024,129695.090548,91.434256,3,145936084454.5043,0.067843,138,343034.116304,0.085657,365,0.02039236158498718,0,0.585
285,2024,178226.106,90.358076,0,291448810141.0779,0.083333,139,468003.803525,0.096419,365,0.02106458325828878,0,0.585
286,2024,36128.304986,28.792392,0,37842738711.61533,0.142202,55,239760.569455,0.712076,365,0.059039842267614044,0,0.585
287,2024,56265.925178,32.459002,4,138703671229.5375,0.118365,53,387491.748868,0.67541,365,0.6147504004862641,1,0.585
288,2024,39729.358767,85.333723,2,10300883584.459684,0.07128,151,96034.542715,0.146663,365,0.027934327425665206,0,0.585
289,2024,243717.410082,90.463104,2,661280507051.0133,0.083333,140,635406.104857,0.095369,365,0.04418887771504096,0,0.585
290,2024,137926.441644,77.961579,5,181768124057.6781,0.083333,137,367468.256934,0.220384,365,0.020594380754095386,0,0.585
291,2024,54430.611507,83.236833,0,22162592956.73778,0.083333,141,140901.937589,0.167632,365,0.020984256925868142,0,0.585
292,2024,192914.643205,92.28624,6,334579280106.5094,0.083309,142,495872.146268,0.077138,365,0.024122937489473688,0,0.585
293,2024,192876.638685,87.644602,0,421876073701.9621,0.083333,125,563199.78496,0.123554,365,0.022890234527886563,0,0.585
294,2024,243353.01211,94.843651,2,604484444716.8207,0.083333,129,688556.972248,0.051563,365,0.5563684488376822,0,0.585
295,2024,118249.921507,81.948901,2,109479877571.83131,0.083333,136,317361.921691,0.180511,365,0.01792463601605377,0,0.585
296,2024,110324.644521,78.682807,5,100979928670.69,0.083333,137,293930.622263,0.213172,365,0.018937351841686986,0,0.585
297,2024,82874.503452,77.055271,3,65896469953.91106,0.053793,127,238182.628031,0.229447,365,0.4224681618918563,0,0.585
298,2024,193539.453233,75.167479,3,332404147946.2244,0.083333,138,511897.829203,0.248325,365,0.0333733112718479,0,0.585
299,2024,155031.233562,80.749664,4,205921222548.48367,0.083333,138,410046.378623,0.192503,365,0.020000267262825878,0,0.585
300,2024,89580.721534,78.16569,0,44570545069.37943,0.083333,147,222428.322177,0.218343,365,0.023580315577188867,0,0.585
301,2024,33838.701178,34.577746,5,82498724189.89357,0.142202,47,262789.913404,0.654223,365,0.0512719364737081,0,0.585
302,2024,62649.194384,43.170705,0,213437056882.085,0.142202,48,476394.915625,0.568293,365,0.5992818068011749,1,0.585
303,2024,40828.708712,30.278719,12,60646889055.35366,0.142202,49,304132.217959,0.697213,365,0.6187325064395856,1,0.585
304,2024,159760.135616,82.292453,2,201433968457.73068,0.083333,143,407779.367133,0.177075,365,0.02070825494018114,0,0.585
305,2024,75098.651918,86.855785,4,42482452699.5976,0.083333,147,186469.441837,0.131442,365,0.019709654861058797,0,0.585
306,2024,74829.773726,79.989612,2,47642275657.367874,0.083333,133,205359.905338,0.200104,365,0.018428308976681757,0,0.585
307,2024,72599.866219,94.270567,12,96643838590.45824,0.016327,114,232446.940088,0.057294,365,0.4994681650509183,0,0.585
308,2024,96949.945233,53.070063,3,427117909520.5163,0.142202,63,561694.127143,0.469299,365,0.06929613452953513,0,0.585
309,2024,162314.79063,84.030439,3,195990414948.45352,0.083333,140,423177.847,0.159696,365,0.019472920305117256,0,0.585
310,2024,113690.557068,75.796144,1,138282876632.43884,0.083333,141,294305.342766,0.242039,365,0.02405534871177993,0,0.585
311,2024,116282.855068,85.017853,2,110007462876.16156,0.083333,150,282954.947333,0.149821,365,0.0200093021157892,0,0.585
312,2024,118897.876877,77.010492,4,157658567765.40335,0.077963,130,333828.654308,0.229895,365,0.02106026566118852,0,0.585
313,2024,191687.819315,84.581158,0,371965266091.0256,0.083333,137,510701.124453,0.154188,365,0.02259174692717118,0,0.585
314,2024,60319.765068,94.2806,0,23796877276.615288,0.080148,152,144846.804276,0.057194,365,0.03464495996703179,0,0.585
315,2024,13738.169123,51.349985,19,13411895036.588484,0.142202,44,113964.3575,0.4865,365,0.6486959706084314,1,0.585
316,2024,21274.28611,24.956044,1,18547966312.463123,0.142202,49,158471.723061,0.75044,365,0.07162702172146936,0,0.585
317,2024,228708.726493,85.285648,1,533239996043.20734,0.081768,135,618360.630889,0.147144,365,0.03503990312005127,0,0.585
318,2024,98950.497644,79.65087,1,91594750931.86955,0.083333,135,267532.826963,0.203491,365,0.018007524788560117,0,0.585
319,2024,59691.061726,30.268626,16,170952758836.92102,0.142202,54,403467.361667,0.697314,365,0.08156043938070176,0,0.585
320,2024,199516.382164,101.063762,1,915312156831.4211,0.266859,106,687013.957453,0.0,365,0.6692989670236252,1,0.585
321,2024,15017.696767,24.967673,6,8068662006.652628,0.142202,53,103423.760755,0.750323,365,0.6684185210898407,1,0.585
322,2024,30865.986274,86.800268,4,7781526240.720316,0.069098,133,84707.40594,0.131997,365,0.02848858439711141,0,0.585
323,2024,26309.596904,92.522868,2,21877191998.931923,0.295659,93,103258.095376,0.074771,365,0.09520822250102438,0,0.585
324,2024,70323.530986,76.772973,0,38603004363.79372,0.083333,147,174612.849048,0.23227,365,0.024161031577619244,0,0.585
325,2024,194066.465041,82.664268,1,612426583588.656,0.076602,129,549102.788682,0.173357,365,0.38963331834735954,0,0.585
326,2024,176844.348767,99.763359,0,675243784364.8381,0.301211,100,645481.873,0.002366,365,0.6507976559605197,1,0.585
327,2024,118156.210959,94.088961,4,152045809897.49106,0.080948,132,326719.825758,0.05911,365,0.020688312772403405,0,0.585
328,2024,208341.306274,93.654102,0,288191648201.616,0.083333,147,517310.04619,0.063459,365,0.031675125542846565,0,0.585
329,2024,42032.116932,80.625561,6,11176242759.475538,0.076945,154,99621.575844,0.193744,365,0.03422764954620732,0,0.585
330,2024,76680.631589,83.976646,4,47361276725.26344,0.083333,144,194364.100903,0.160234,365,0.018780343269442525,0,0.585
331,2024,101038.148082,94.512055,1,222761817706.52332,0.299228,93,396547.57043,0.054879,365,0.5676816212585294,0,0.585
332,2024,150409.882493,88.48464,3,187509519406.07977,0.083333,159,345280.547862,0.115154,365,0.422399324144612,0,0.585
333,2024,34327.11789,28.170686,0,67852925436.17118,0.121822,52,240949.962115,0.718293,365,0.06672308068052868,0,0.585
334,2024,51085.183753,99.769881,6,47820175329.93338,0.016878,127,146819.622598,0.002301,365,0.5170884635060021,0,0.585
335,2024,147489.521863,90.179666,2,176336986105.86288,0.061812,140,384526.253429,0.098203,365,0.022682159320525492,0,0.585
336,2024,54136.584219,84.500352,2,17567116127.98045,0.083333,147,134420.77034,0.154996,365,0.020555327378827332,0,0.585
337,2024,46279.646986,20.824718,0,133547665811.60963,0.142202,48,351918.148958,0.791753,365,0.699896276336185,1,0.585
338,2024,209995.154603,93.864855,0,361794901504.0276,0.083333,138,555421.966884,0.061351,365,0.029019908491597596,0,0.585
339,2024,228855.277315,87.917693,3,336193392336.5034,0.083333,154,542416.728701,0.120823,365,0.03687053695385158,0,0.585
340,2024,175010.386932,87.026082,2,336592968571.0706,0.083333,129,495184.42814,0.129739,365,0.018420475633534952,0,0.585
341,2024,156439.732027,87.501529,0,205500491280.79156,0.066884,142,402116.212606,0.124985,365,0.024730280231051834,0,0.585
342,2024,39622.907233,87.283654,3,16692262346.5862,0.083333,137,105564.679854,0.127163,365,0.021250164264914193,0,0.585
343,2024,189658.456548,85.863556,5,290422214410.2702,0.081623,147,470920.657415,0.141364,365,0.022513009408700296,0,0.585
344,2024,169085.341151,95.605732,4,465135587715.3719,0.018433,113,546160.615221,0.043943,365,0.03906498897743418,0,0.585
345,2024,174078.537945,83.183667,1,263619298352.9461,0.083333,147,432235.82551,0.168163,365,0.02190708997569846,0,0.585
346,2024,55997.197014,100.378373,0,78149017159.06764,0.301887,99,206454.312222,0.0,365,0.07133307188661114,0,0.585
347,2024,104564.817644,93.343431,1,115051555949.8779,0.074064,124,307791.600323,0.066566,365,0.02197896794550485,0,0.585
348,2024,165968.644795,79.221637,2,220904392150.17856,0.083333,147,412099.015986,0.207784,365,0.023871006817906264,0,0.585
349,2024,41571.982466,84.738038,0,17508525843.913216,0.072666,135,112398.322963,0.15262,365,0.023729341208803885,0,0.585
350,2024,132616.331753,92.632959,0,139517147314.74374,0.083333,127,381141.425906,0.07367,365,0.020835961420256795,0,0.585
351,2024,29346.348082,81.9044,2,7822124557.519712,0.083333,150,71409.447,0.180956,365,0.029237307437273683,0,0.585
352,2024,244351.771178,98.090882,1,1670711107354.61,0.301887,81,1101091.314568,0.019091,365,0.1528473278077882,0,0.585
353,2024,218421.398055,82.141227,0,414900323514.8171,0.083333,132,603968.259773,0.178588,365,0.03140418978111811,0,0.585
354,2024,54480.707096,27.037773,3,257003543517.8524,0.142202,53,375197.322453,0.729622,365,0.07131655149819639,0,0.585
355,2024,53829.663781,80.854228,1,22628183759.44173,0.083333,136,144469.318235,0.191458,365,0.019749320557577665,0,0.585
356,2024,152217.444027,85.76284,1,192127454655.86795,0.080692,143,388527.042448,0.142372,365,0.020344986153878593,0,0.585
357,2024,35310.229644,104.480897,2,23087587665.36941,0.275649,92,140089.498043,0.0,365,0.7959601213891563,1,0.585
358,2024,214521.651781,84.081859,5,369085749334.1998,0.083333,123,636588.641463,0.159181,365,0.3911990498226082,0,0.585
359,2024,197322.934795,80.240326,0,297040517920.4355,0.083333,139,518150.152518,0.197597,365,0.02610911854333687,0,0.585
360,2024,56062.808466,87.68033,11,43366738555.58688,0.016807,139,147215.288417,0.123197,365,0.04430602339043507,0,0.585
361,2024,165370.451014,81.416819,3,181652569314.49075,0.083333,139,434246.148345,0.185832,365,0.020635833009713212,0,0.585
362,2024,238898.02863,98.123428,0,858335128567.3796,0.016327,122,714735.905328,0.018766,365,0.6719289479496042,1,0.585
363,2024,40241.95326,75.224547,2,13382832113.990524,0.083333,142,103438.823521,0.247755,365,0.02824391904743463,0,0.585
364,2024,194140.552219,86.075056,1,268176464495.1325,0.083333,142,499023.250423,0.139249,365,0.02310724092830417,0,0.585
365,2024,171945.963205,84.92406,0,237949509271.96893,0.083333,144,435835.253958,0.150759,365,0.021870449576856105,0,0.585
366,2024,208792.562384,85.004693,0,317786057316.23846,0.083333,146,521981.405959,0.149953,365,0.027206400214109368,0,0.585
367,2024,206939.512027,75.98073,1,397060586630.7916,0.074766,141,535694.481489,0.240193,365,0.04059403025745373,0,0.585
368,2024,30595.768877,82.445173,5,7832503344.973076,0.075122,131,85247.752977,0.175548,365,0.027213153137585256,0,0.585
369,2024,188014.695342,84.313426,5,248214367470.611,0.083333,144,476565.026389,0.156866,365,0.021240389499706264,0,0.585
370,2024,75930.71263,87.478694,2,46990401460.06482,0.083333,131,211562.672595,0.125213,365,0.018197993316880417,0,0.585
371,2024,162156.088082,87.172956,0,224405902435.2141,0.083333,139,425805.555036,0.12827,365,0.020162863223821617,0,0.585
372,2024,48155.250356,84.180013,0,23612550513.78637,0.080528,141,124657.208369,0.1582,365,0.021690863445183645,0,0.585
373,2024,84032.076164,78.466859,1,48660693382.07957,0.083236,142,215997.942254,0.215331,365,0.020719100370436568,0,0.585
374,2024,97173.119616,93.460843,2,83423034091.77519,0.067886,141,251547.437305,0.065392,365,0.02331588751153974,0,0.585
375,2024,71919.654493,29.659793,12,282976161594.4517,0.142202,54,486123.590556,0.703402,365,0.09070078415889261,0,0.585
376,2024,113114.275644,77.302287,0,123852057717.45811,0.083333,139,297026.695036,0.226977,365,0.021039316737062646,0,0.585
377,2024,237612.937863,89.166008,2,417440533479.02966,0.083333,148,586004.880541,0.10834,365,0.03633673175256979,0,0.585
378,2024,38758.651589,78.36078,4,12110612598.760828,0.081724,141,100332.679645,0.216392,365,0.024676978441552113,0,0.585
379,2024,100240.21211,89.604256,11,123555428233.53232,0.016807,117,312715.191624,0.103957,365,0.039114667678887126,0,0.585
380,2024,173836.222411,89.664779,0,251192935878.322,0.082188,134,473509.113284,0.103352,365,0.020708274013752574,0,0.585
381,2024,130025.115041,75.083724,2,130711803734.15752,0.083333,137,346417.277299,0.249163,365,0.02396071096639544,0,0.585
382,2024,206976.192521,80.420971,0,299520166083.5246,0.080699,158,478141.204241,0.19579,365,0.044340552555681784,0,0.585
383,2024,176866.254795,84.408406,0,186210290989.54645,0.078752,146,442165.636986,0.155916,365,0.024582239922830307,0,0.585
384,2024,103903.122575,81.830604,0,107367319882.24445,0.058131,137,276822.187883,0.181694,365,0.026530953753698207,0,0.585
385,2024,211070.593918,93.798555,1,315602072083.45593,0.08256,140,550291.191286,0.062014,365,0.027913243665757852,0,0.585
386,2024,29476.292466,86.968502,1,6254617742.366189,0.065336,142,75766.526408,0.130315,365,0.03172210769174007,0,0.585
387,2024,69326.10537,37.899676,0,308821282372.9427,0.142202,50,506080.5692,0.621003,365,0.6516307977503394,1,0.585
388,2024,111355.160164,100.170344,2,550939204487.1136,0.300784,85,478172.158353,0.0,365,0.6530196323062661,1,0.585
389,2024,166847.299507,77.502552,2,184875123722.48572,0.077409,141,431909.676028,0.224974,365,0.027111922425275284,0,0.585
390,2024,260149.572685,97.947843,6,1461019162220.1165,0.301887,96,989110.354479,0.020522,365,0.7901560323623549,1,0.585
391,2024,213703.258493,89.339946,3,1051875264213.9536,0.301465,100,780016.8935,0.106601,365,0.7234083163043552,1,0.585
392,2024,199011.759342,79.995606,0,300933831307.5496,0.083333,142,511544.310986,0.200044,365,0.027654622919765046,0,0.585
393,2024,83102.467753,86.72254,1,61343039267.01701,0.083333,131,231545.04374,0.132775,365,0.01825777561228361,0,0.585
394,2024,144121.962192,83.103238,6,210234688147.20743,0.083333,134,392571.016418,0.168968,365,0.018327089614617556,0,0.585
395,2024,188290.085726,80.964428,4,249802245089.2862,0.083333,147,467523.001973,0.190356,365,0.023369830351604174,0,0.585
396,2024,86373.510027,78.555609,10,65126624761.98401,0.076906,129,244390.164031,0.214444,365,0.37942641688835305,0,0.585
397,2024,234510.882356,92.517577,6,549487745591.2877,0.077424,143,598576.727692,0.074824,365,0.5060285791455124,0,0.585
398,2024,133549.762548,84.267342,0,138761357011.31662,0.083333,132,369285.328258,0.157327,365,0.019219476509899813,0,0.585
399,2024,109712.764493,79.593304,1,93250019916.56224,0.083333,153,261733.065621,0.204067,365,0.024471657203726252,0,0.585
400,2024,96726.540055,36.621866,6,471680479730.4892,0.142202,48,735524.731667,0.633781,365,0.7100281500938007,1,0.585
401,2024,223214.50611,93.089473,1,537657304105.6206,0.083333,120,678944.12275,0.069105,365,0.03333442225618547,0,0.585
402,2024,231009.36937,84.817428,4,438536000847.2641,0.083333,136,619988.381029,0.151826,365,0.03177664255037921,0,0.585
403,2024,60412.583973,86.601123,0,27904991781.47966,0.083333,139,158637.360791,0.133989,365,0.020767211945099073,0,0.585
404,2024,131429.936219,89.849752,8,149338013595.98904,0.07715,138,347622.657391,0.101502,365,0.02073651168108924,0,0.585
405,2024,271418.127644,106.098955,5,1090354374079.21,0.016327,118,839556.072797,0.0,365,0.31385172199196554,0,0.585
406,2024,24643.441507,77.370467,0,4316616648.180717,0.079048,147,61189.497619,0.226295,365,0.03931274109850579,0,0.585
407,2024,196930.871836,93.602735,1,416077780146.8528,0.072211,132,544543.698636,0.063973,365,0.02823765071954869,0,0.585
408,2024,154986.784986,93.419168,3,762973382672.3998,0.298746,81,698397.240988,0.065808,365,0.6979140242104956,1,0.585
409,2024,150203.822548,82.864175,2,140445693646.2907,0.083333,153,358329.380588,0.171358,365,0.023324442164934168,0,0.585
410,2024,213067.649507,92.562924,1,282505791542.23914,0.083333,146,532669.123767,0.074371,365,0.02831163852825235,0,0.585
411,2024,50030.034712,92.371052,1,28990441843.348797,0.052132,138,132325.816449,0.076289,365,0.030396305745800902,0,0.585
412,2024,121376.04389,84.490667,0,102813969539.15532,0.083333,152,291462.210658,0.155093,365,0.022141039593696378,0,0.585
413,2024,100141.00274,87.612505,2,86073150120.9552,0.083333,146,250352.506849,0.123875,365,0.018281646812586275,0,0.585
414,2024,247909.768521,91.357277,5,471075531756.6973,0.083333,123,735667.199268,0.086427,365,0.5250734570414782,0,0.585
415,2024,196332.942438,84.11303,3,344199782410.4407,0.073026,148,484199.486419,0.15887,365,0.027222225383325378,0,0.585
416,2024,220187.756329,80.911009,6,549702039961.2709,0.083333,148,543030.61527,0.19089,365,0.4846160123026396,0,0.585
417,2024,100057.531644,81.923394,0,87436493275.49046,0.083333,148,246763.507095,0.180766,365,0.02073420109881091,0,0.585
418,2024,113258.459644,84.005458,1,128189336061.76912,0.064658,140,295280.984071,0.159945,365,0.022375208664060453,0,0.585
419,2024,32527.191342,93.384655,53,16990626173.07789,0.0,107,110957.241495,0.066153,365,0.7950689758385128,1,0.585
420,2024,138760.010795,82.434102,0,231897636839.8282,0.083333,125,405179.23152,0.175659,365,0.019785919733925954,0,0.585
421,2024,49461.959562,48.985258,0,77170019524.50354,0.142202,62,291187.342581,0.510147,365,0.6217370661516329,1,0.585
422,2024,169643.807205,87.819743,3,235524973428.54492,0.083333,140,442285.640214,0.121803,365,0.01970107568469144,0,0.585
423,2024,229418.309836,97.856312,3,1066830733453.2778,0.269529,111,754393.541351,0.021437,365,0.7047240959213881,1,0.585
424,2024,163540.250192,78.16691,0,332191168476.0969,0.083333,124,481388.639677,0.218331,365,0.3723915281490635,0,0.585
425,2024,145057.14526,106.139763,43,441982008883.2176,0.0,118,448693.712034,0.0,365,0.9094271755523327,1,0.585
426,2024,114734.287479,83.98383,1,107026014673.99684,0.083333,145,288813.896069,0.160162,365,0.01847998498634229,0,0.585
427,2024,114294.09337,100.651537,1,293444408862.45355,0.301887,97,430075.712165,0.0,365,0.5935247189628209,1,0.585
428,2024,253713.782164,94.526423,6,677108548290.377,0.083333,127,729177.405433,0.054736,365,0.05800559776148919,0,0.585
429,2024,210861.344521,96.618987,0,1468714423232.5183,0.301887,79,974232.794304,0.03381,365,0.7675580169998047,1,0.585
430,2024,190519.458767,79.950901,0,245727546844.1389,0.083333,133,522854.153759,0.200491,365,0.025390828938922874,0,0.585
431,2024,26514.988055,30.87588,0,32627546266.148907,0.142202,52,186114.82,0.691241,365,0.05853470051477429,0,0.585
432,2024,187897.532603,89.871183,4,373538718007.6331,0.05696,134,511810.443284,0.101288,365,0.02580185006507673,0,0.585
433,2024,63732.900712,98.902663,2,127193678878.76492,0.287549,85,273676.573647,0.010973,365,0.07075750119599357,0,0.585
434,2024,38186.182274,30.382916,14,47968010981.45233,0.142202,56,248892.080893,0.696171,365,0.6475336375489297,1,0.585
435,2024,22394.385041,76.499443,0,3653406463.506628,0.083333,142,57563.031972,0.235006,365,0.03854412388724246,0,0.585
436,2024,117355.915671,85.63124,2,92905853713.84216,0.080429,145,295413.167034,0.143688,365,0.019671792123014415,0,0.585
437,2024,40172.057562,83.376129,0,12777867244.726149,0.074416,144,101825.007014,0.166239,365,0.02550823923005836,0,0.585
438,2024,49491.486466,99.579335,1,38041218059.61383,0.301887,106,170418.797736,0.004207,365,0.6382071822862668,1,0.585
439,2024,71082.083014,85.224932,1,49651000537.44978,0.083333,139,186654.390647,0.147751,365,0.018630125314770447,0,0.585
440,2024,168171.293205,77.495228,3,239411334979.30103,0.083333,144,426267.514028,0.225048,365,0.024837654623464975,0,0.585
441,2024,232654.830658,85.224647,0,315541452935.8438,0.083333,138,615355.168043,0.147754,365,0.03415037998500511,0,0.585
442,2024,202289.768795,84.788007,3,310673244982.25385,0.083333,135,546931.597111,0.15212,365,0.021476047333479385,0,0.585
443,2024,153844.370959,91.361026,1,283345398537.20154,0.083333,122,460272.093443,0.08639,365,0.020344218752078907,0,0.585
444,2024,199111.889397,91.036834,0,385205767868.3822,0.083333,141,515431.486738,0.089632,365,0.02490609491790169,0,0.585
445,2024,53729.079753,89.422687,0,27293151480.68568,0.083333,138,142109.522536,0.105773,365,0.020958908934835836,0,0.585
446,2024,69175.489562,100.287907,13,61987244721.03194,0.016598,127,198811.446378,0.0,365,0.04659034252548989,0,0.585
447,2024,63103.794055,76.786293,0,35450773827.067055,0.083333,141,163353.793121,0.232137,365,0.022820721548895542,0,0.585
448,2024,26033.925534,99.599329,1,17735986960.893143,0.301887,95,100025.082316,0.004007,365,0.6952724561947936,1,0.585
449,2024,234092.891425,93.896336,1,444741462386.1233,0.083333,136,628264.010074,0.061037,365,0.47216094808731984,0,0.585
450,2024,30373.794192,84.361988,0,7689123571.961651,0.083333,152,72937.071579,0.15638,365,0.0309093496979384,0,0.585
451,2024,108959.094082,88.10406,0,68204784709.412125,0.083333,144,276181.037083,0.118959,365,0.020177982323652498,0,0.585
452,2024,186740.823781,78.20878,2,315072360533.0812,0.083333,134,508659.706567,0.217912,365,0.024832022652860053,0,0.585
453,2024,47717.505151,82.422908,4,16941002608.791576,0.083333,151,115343.638278,0.175771,365,0.022874127638402086,0,0.585
454,2024,126852.230986,89.025572,1,140918315844.85385,0.083333,140,330721.887929,0.109744,365,0.018580485853234036,0,0.585
455,2024,34714.50326,79.396475,0,8018556059.933104,0.077909,141,89863.785035,0.206035,365,0.02784962872517829,0,0.585
456,2024,75443.348767,104.850277,0,149247514860.46756,0.289182,91,302602.442857,0.0,365,0.765929339371231,1,0.585
457,2024,125078.305918,85.687167,7,288842668923.0654,0.017467,118,386894.759831,0.143128,365,0.03537758757551283,0,0.585
458,2024,21593.714329,88.270898,44,9804310288.596172,0.0,103,76521.414854,0.117291,365,0.759021164703485,1,0.585
459,2024,28541.034959,92.504721,1,7296719744.688213,0.083333,132,78920.286061,0.074953,365,0.031019444553196943,0,0.585
460,2024,21718.792438,87.009722,14,5212020540.27654,0.061637,136,58289.406176,0.129903,365,0.03576373295928197,0,0.585
461,2024,23968.684493,35.067234,3,41272654110.384445,0.142202,54,162010.552593,0.649328,365,0.055369334111672025,0,0.585
462,2024,33698.740438,93.674886,8,11506558343.998953,0.083333,131,93893.437099,0.063251,365,0.40795792215317866,0,0.585
463,2024,191196.591425,81.292325,0,296024549662.0494,0.06111,139,502062.991871,0.187077,365,0.03290562667796921,0,0.585
464,2024,145126.258411,104.828265,0,730936285306.8055,0.299255,90,588567.603556,0.0,365,0.8166883445113023,1,0.585
465,2024,30783.21326,44.301678,2,48974495807.57024,0.142202,48,234080.684167,0.556983,365,0.5670580537294932,0,0.585
466,2024,54739.160274,82.822903,4,21769250638.87836,0.078708,144,138748.565972,0.171771,365,0.020395431262445522,0,0.585
467,2024,13585.893644,23.163858,11,12196846253.81346,0.142202,49,101201.04449,0.768361,365,0.7329861634042496,1,0.585
468,2024,75807.679014,81.257912,1,52373560955.04341,0.083333,141,196239.736454,0.187421,365,0.019052368504499644,0,0.585
469,2024,63911.058411,75.338856,0,28527582250.904797,0.083333,130,179442.587077,0.246611,365,0.025779345296390786,0,0.585
470,2024,244832.800137,93.884903,2,574627923027.8245,0.044874,131,682167.725573,0.061151,365,0.5907446665795836,1,0.585
471,2024,33324.020055,20.269955,2,53645432763.35584,0.142202,47,258792.921702,0.7973,365,0.6852140853216673,1,0.585
472,2024,37651.99337,77.014198,2,14798007404.379995,0.083333,128,107367.012344,0.229858,365,0.025922911592954904,0,0.585
473,2024,243534.123918,90.201289,0,497280960777.5719,0.083333,144,617291.355764,0.097987,365,0.04278808532075423,0,0.585
474,2024,220237.992438,98.803898,0,1125779079030.5964,0.300507,97,828730.590103,0.011961,365,0.6756856437949416,1,0.585
475,2024,21847.867205,86.021361,0,3925574822.814555,0.083333,141,56556.535674,0.139786,365,0.03235582295025932,0,0.585
476,2024,178986.156877,83.874392,0,299906731408.3579,0.080111,136,480367.259265,0.161256,365,0.021404984089498345,0,0.585
477,2024,23484.866959,94.962629,1,3365385668.871543,0.083333,157,54598.576051,0.050374,365,0.5963433531449389,1,0.585
478,2024,189713.965863,89.345133,0,918152233794.8032,0.288734,76,911126.283421,0.106549,365,0.13063526777553525,0,0.585
479,2024,72079.908192,85.232526,3,33945140842.369785,0.058478,151,174232.890662,0.147675,365,0.02794787407146502,0,0.585
480,2024,176386.515699,90.824132,4,311348549331.22186,0.083333,130,495239.063308,0.091759,365,0.018348081597493036,0,0.585
481,2024,226325.801096,91.357156,2,492653146731.4281,0.083333,142,581752.939437,0.086428,365,0.030520791799327554,0,0.585
482,2024,178131.842219,91.872697,0,250474683862.9893,0.083333,144,451514.738958,0.081273,365,0.0236145045152761,0,0.585
483,2024,91948.402932,86.089961,4,78373186757.73373,0.076325,143,234693.476014,0.1391,365,0.018657773426885807,0,0.585
484,2024,77856.954192,88.717037,3,53157141169.27431,0.083333,144,197345.751944,0.11283,365,0.019425745889145123,0,0.585
485,2024,65009.347342,91.467058,3,38917168809.29419,0.083333,143,165932.94951,0.085329,365,0.020480301232137815,0,0.585
486,2024,154728.181178,82.605267,1,208849460288.29037,0.083333,133,424629.970902,0.173947,365,0.01950545859361537,0,0.585
487,2024,248356.702356,96.707443,2,1513255520451.3604,0.299012,104,871636.503462,0.032926,365,0.6929340817424241,1,0.585
488,2024,138781.449507,84.949277,3,209081717953.0111,0.083333,119,425674.193866,0.150507,365,0.3308370241350558,0,0.585
489,2024,71811.163014,94.265398,0,44319823261.95026,0.083333,150,174740.496667,0.057346,365,0.030002456393867907,0,0.585
490,2024,177516.883973,88.143327,1,248173412381.18948,0.083333,134,483534.795896,0.118567,365,0.020165982849627707,0,0.585
491,2024,72684.838192,48.025367,3,213535397216.24396,0.142202,51,520195.410588,0.519746,365,0.5732640564676219,0,0.585
492,2024,29840.683671,87.373815,0,6256897602.380429,0.079922,143,76166.78,0.126262,365,0.028308912781855385,0,0.585
493,2024,234289.200164,97.652098,0,1592595328720.6628,0.301887,104,822264.981346,0.023479,365,0.6568282801275172,1,0.585
494,2024,109289.25611,76.177805,1,94054087967.44278,0.083333,150,265937.189867,0.238222,365,0.025343603916408025,0,0.585
495,2024,127320.579589,47.09245,2,1714225974883.7393,0.142202,44,1056182.080682,0.529075,365,0.9010004641313938,1,0.585
496,2024,54687.961589,40.22682,1,131459362000.9629,0.140653,51,391394.234902,0.597732,365,0.5745158237466574,0,0.585
497,2024,210650.65811,77.136729,7,334923829504.7126,0.083333,141,545301.349007,0.228633,365,0.4498888128060793,0,0.585
498,2024,113105.02726,76.459771,0,102710209849.66628,0.083333,147,280839.013265,0.235402,365,0.024820742905349365,0,0.585
499,2024,124838.788575,92.934116,4,168066274745.85938,0.083333,130,350508.906385,0.070659,365,0.018370680030062325,0,0.585
500,2024,143084.246685,80.387348,6,140678351859.85226,0.083333,151,345865.894305,0.196127,365,0.022844023991882074,0,0.585
